url,avg_price,realizedPnl,total_invested_usd,ROI,Score
https://hashdive.com/Analyze_User?user_address=0x20cc8d7e69a24d156cf8c17d32152a536befebc0,0.824524,6837.199348,32479.406522,0.2105087524727032,-2.8699428496000206
https://hashdive.com/Analyze_User?user_address=0x974705ad5fc1a3b56f904b4881af9d7c5e8c2823,0.999,16.95798,16941.02202,0.001001001001001001,-67.79837203026133
https://hashdive.com/Analyze_User?user_address=0xb786b8b6335e77dfad19928313e97753039cb18d,0.712447,518.684032,6228.788438318638,0.08327205798307873,7.140526754379184
https://hashdive.com/Analyze_User?user_address=0xfb79181a9d9dcaceda40803c0aeb55f6c58ec2c6,0.88,839.998799,6159.991197,0.13636363626770942,14.781167487635829
https://hashdive.com/Analyze_User?user_address=0x05b21f43e056cdf3f26ae5f28dc0238495e2a469,0.797434,-1706.332286,6129.78744026,-0.27836728477612993,0.954161869793545
https://hashdive.com/Analyze_User?user_address=0xfee561fbe96d2fdc5e7b3fe4e492f091e8bba679,0.63,3579.75,6095.25,0.5873015873015873,17.134230445294907
https://hashdive.com/Analyze_User?user_address=0x212af34bef48df3922c77ae109f67b690ede83cf,0.999,5,4995,0.001001001001001001,0.23106627082489894
https://hashdive.com/Analyze_User?user_address=0x20b90261bfeb0a1fd0b98c34a9aafbb6ef0e9110,0.99,40.2633,4428.963,0.009090909090909092,-13.721240031990158
https://hashdive.com/Analyze_User?user_address=0x4af12fdfc5eda5cbafd54894b18e74f4e56eef00,0.89,532.306899,4306.846732,0.12359550551101432,4.193472806357522
https://hashdive.com/Analyze_User?user_address=0x55506b74f05b4dd1ab4842fcf6d2ed7d146c5b4d,0.899999,-191.336473,4138.815902,-0.046229761731499217,0.048748508711564775
https://hashdive.com/Analyze_User?user_address=0x815faf650a093427c1386f3fc7465d03bdc7f1b3,0.999,3.9703,3966.3297,0.001001001001001001,0.0613864131566277
https://hashdive.com/Analyze_User?user_address=0x4bb2547d10d4af0c3366ab96988fb06102b26c95,0.999,3.48197,3478.48803,0.001001001001001001,0.3349649233272994
https://hashdive.com/Analyze_User?user_address=0x3d6989543c6d69357277bc9f3b37d4e070cb9829,0.947466,79.817258,3276.623824,0.024359603752914665,0.4081485168364658
https://hashdive.com/Analyze_User?user_address=0x5097c00780ee5ea03a5f1881aead8b51359c08ab,0.920584,266.6144,3129.9856,0.08518071137451878,0.41655038446317505
https://hashdive.com/Analyze_User?user_address=0x1d3a805284bc8029cd6acd06d5a2b8b2b1807b63,0.9,340.5,3064.5,0.1111111111111111,-0.2940716594222885
https://hashdive.com/Analyze_User?user_address=0x5a5e26a489687da9a618ee09323644ab310cc869,0.891007,331.992678,2714.007322,0.12232563829464865,-11.819837982591237
https://hashdive.com/Analyze_User?user_address=0x20b90261bfeb0a1fd0b98c34a9aafbb6ef0e9110,0.982755,37.434328,2264.621312,0.01653006081044953,-13.721240031990158
https://hashdive.com/Analyze_User?user_address=0xc7b236995b438747166b8c4338861d0c752bece3,0.89,186.983599,1780.396453,0.10502357420726674,-3.417321065798262
https://hashdive.com/Analyze_User?user_address=0xcce58e5acdea9edb7747be73125d7929ba0bbdaf,0.754765,64.654626,1745.5450154999999,0.0370397929734743,-6.764637243030201
https://hashdive.com/Analyze_User?user_address=0x026985b67ade7ba199698b9d7d0451a22214cb2d,0.870873,-701.250377,1646.655377,-0.42586347258501067,5.211858989281283
https://hashdive.com/Analyze_User?user_address=0xee613b3fc183ee44f9da9c05f53e2da107e3debf,0.663435,752.238696,1482.808610119545,0.5073066684845822,1.1503623469565472
https://hashdive.com/Analyze_User?user_address=0xce6d28f3ddddcfcde1b90683525d5a2759d16130,0.966109,49.633708,1414.87629159,0.03507989235173555,-0.47928995417832954
https://hashdive.com/Analyze_User?user_address=0x2005d16a84ceefa912d4e380cd32e7ff827875ea,0.74291,-396.489856,1414.1886178,-0.28036561107160113,5.761778174564228
https://hashdive.com/Analyze_User?user_address=0x4673ada08165c01e90c8f6f8d3f6dcd26f20d99b,0.88,179.997399,1319.980929,0.13636363605371452,1.3449854835087556
https://hashdive.com/Analyze_User?user_address=0x9d94f602535e518ee1cb6aade0ca9569f1b1017d,0.705383,-54.637621,1314.4812205,-0.0415659198076767,-0.18346441516019527
https://hashdive.com/Analyze_User?user_address=0x7e7778c56bb03d62c92077116d2bcf3b91b3372b,0.9,140,1260,0.1111111111111111,2.4577713895914486
https://hashdive.com/Analyze_User?user_address=0x2aa22a2d9379e9adb7cb0d1d760763f697ab4d22,0.83,255,1245,0.20481927710843373,-7.032570655911958
https://hashdive.com/Analyze_User?user_address=0xade8dfeb4550b7938d9061e7ea02b20ba753b0bd,0.745619,60.948337,1242.326393473627,0.049059842341097185,-2.167643369588608
https://hashdive.com/Analyze_User?user_address=0x13ce0f6f73a83a2be1eb484c91169c2bd5b935f0,0.9,133.333333,1199.999997,0.11111111111111113,-4.741786366824844
https://hashdive.com/Analyze_User?user_address=0x28c1b571571032daa4f268ce1042799c3018a4cc,0.997,2.38968,1191.25548,0.002006018054162487,0.9701122997256318
https://hashdive.com/Analyze_User?user_address=0xec92bbc48c64ecfb2cda5cf9e0a6644db5f398f5,0.89,146.63,1186.37,0.12359550561797754,-5.628550974241959
https://hashdive.com/Analyze_User?user_address=0xb5e767d1ab98bf46b717e07e8303c28dd35e3c1a,0.873208,170.523828,1174.386171,0.145202517034748,1.2966571325629836
https://hashdive.com/Analyze_User?user_address=0xf18305d6d314d5b11ea5c3cc321d4880c6e7979c,0.978333,24.8004,1173.9996,0.021124709071451128,0.032725165551600266
https://hashdive.com/Analyze_User?user_address=0xd42f1021ed4014e860974011aab5962bcdb9e540,0.9,13.111098,999.999999,0.013111098013111099,-3.0229735802710094
https://hashdive.com/Analyze_User?user_address=0x79ccba513ee7a5d1adef04fd0de88a7075a88026,0.686508,431.539931,945.018102805272,0.45664726391905114,-3.228309910664234
https://hashdive.com/Analyze_User?user_address=0x4df332e27f9ee3224f52ce30e3ce15c1075e788f,0.645689,497.835299,907.24470012,0.5487332126979105,0.19248821470486682
https://hashdive.com/Analyze_User?user_address=0x2d80ff44e692dbf91f6ce9d8f6ae677733e95fd8,0.9,100,900,0.1111111111111111,1.2983236071205904
https://hashdive.com/Analyze_User?user_address=0xd42f6a1634a3707e27cbae14ca966068e5d1047d,0.88,122.099999,895.399997,0.1363636357036977,3.062909177663082
https://hashdive.com/Analyze_User?user_address=0x4df332e27f9ee3224f52ce30e3ce15c1075e788f,0.89,109.999599,889.996762,0.1235955047216228,0.19248821470486682
https://hashdive.com/Analyze_User?user_address=0xa8f7227d47fb08148b619db9da98ed59cb23039a,0.89,109.993498,889.947397,0.12359550504983385,-1.15812323257474
https://hashdive.com/Analyze_User?user_address=0x97e12cc7391a50e49042b44a2d4a0cef54c8017b,0.995489,1.311472,864.036889,0.00151784260220399,2.431420361011138
https://hashdive.com/Analyze_User?user_address=0x067f6c8fa38c71f30fa3d1aa72ee4004c027a821,0.88,29.3925,862.185862,0.034090677306884434,-7.053633442588967
https://hashdive.com/Analyze_User?user_address=0x0f6faf4ace74cfc0e47e0f6d9ef62fb5589fd9d4,0.909999,-27.963567,848.259066,-0.032965833341296706,-19.949772786268806
https://hashdive.com/Analyze_User?user_address=0x6d925110833a0c862301320b08b78dcb31954b39,0.8,199.9988,799.9952,0.25,-1.896216581587515
https://hashdive.com/Analyze_User?user_address=0x57a8d63731277200ed26cfde9a8a830d94f36933,0.63,462.5,787.5,0.5873015873015873,4.8627317021171015
https://hashdive.com/Analyze_User?user_address=0xee00ba338c59557141789b127927a55f5cc5cea1,0.91,77.7411,786.0489,0.09890109890109891,1.4420782042373403
https://hashdive.com/Analyze_User?user_address=0x8dc726214535c3173c72b56ec830d295326b3a04,0.77,226.99304,770,0.29479615584415586,1.2335478468912071
https://hashdive.com/Analyze_User?user_address=0xd9e0aaca471f489be338fd0f91a26e8669a805f2,0.766664,139.895884,603.761426252952,0.2317072239414467,4.449652154851829
https://hashdive.com/Analyze_User?user_address=0x03e32a0d8c42c133075bd7b520eba8141dd808e0,0.827142,121.0006,578.9994,0.20898225455846758,-0.01752454282016006
https://hashdive.com/Analyze_User?user_address=0x8d2dfa5467067189df7af810feb880466edc569c,0.96987,16.884912,562.179753,0.030034720940937194,-64.13964553395707
https://hashdive.com/Analyze_User?user_address=0x624fb9f24573d9ef81ec3479dc50fd3eb8a62fa6,0.8,66.471,531.768,0.125,-0.7003856228760935
https://hashdive.com/Analyze_User?user_address=0xa492a2454142518a670e0c29b23ffbbef327d264,0.89,65.3664,528.8736,0.12359550561797752,-0.26078329985329957
https://hashdive.com/Analyze_User?user_address=0x26d1e79d2417a39e1d6d9a558be3fbf4f4046f56,0.946463,8.73669,503.859043,0.017339551847638468,0.5881825847144916
https://hashdive.com/Analyze_User?user_address=0xc174d86436152cc50b6a86d7f1b727d024c366f2,0.869999,74.713217,499.99942034736193,0.14942660723105416,-7.624260019405799
https://hashdive.com/Analyze_User?user_address=0x8df2731756b2da0b2f6b430fc7b7c1ff001397a5,0.789999,0.000632,499.999365,0.0000012640016052820386,-5.9826100322520235
https://hashdive.com/Analyze_User?user_address=0xe9473a70f58272d3c8cbc31da1079fb0578f2cf3,0.801759,123.628626,499.999312,0.24725759222644692,1.071588045982884
https://hashdive.com/Analyze_User?user_address=0xfefb4ab20c207f11278c222e5276546727f74b5d,0.832913,-199.148556,498.24855660000003,-0.39969720606712944,2.131263351602594
https://hashdive.com/Analyze_User?user_address=0x4a64afa45a44a01890c2161be88d2b44751d4430,0.793153,126.640007,485.599993,0.26079079247433185,2.5400640139767585
https://hashdive.com/Analyze_User?user_address=0x15c21529fb801ca808f53adb02131e419851e0f0,0.983515,7.16367,454.999807093,0.015744336345478442,-34.247826144407874
https://hashdive.com/Analyze_User?user_address=0xf0b0ef1d6320c6be896b4c9c54dd74407e7f8cab,0.829998,6.000378,452.760326,0.013252879405339063,0.7139732428280593
https://hashdive.com/Analyze_User?user_address=0x23b1cec31f9b0e10a2baaf847c57df33f1bd8e10,0.89,55,445,0.12359550561797752,-2.3512799602047223
https://hashdive.com/Analyze_User?user_address=0xb2c72925a836d013efd18186c20acdc539291b5b,0.89,-194.991842,444.981384,-0.4382022462314963,0.3067738566477022
https://hashdive.com/Analyze_User?user_address=0xb90e2149c74080c4ff8f205eb88d983f34565794,0.886715,56.180676,443.666371,0.12662820459745866,-4.532520712328296
https://hashdive.com/Analyze_User?user_address=0xa6a856a8c8a7f14fd9be6ae11c367c7cbb755009,0.753448,143.00016,436.99984,0.32723160722438704,3.5826443194321547
https://hashdive.com/Analyze_User?user_address=0x552337556e70f851bff6e0e97a2e00df7d5751e9,0.996999,0.857788,427.39957,0.0020069931282336107,0.6112593808279038
https://hashdive.com/Analyze_User?user_address=0xb90d923238bfc15d93cd974c68dabfce021b7db5,0.804765,101.241721,426.050639,0.2376283749688262,-5.225272627582699
https://hashdive.com/Analyze_User?user_address=0x7846e489e11c7d2b9d6c15a955c1df93d041c08d,0.999,0.4228,422.3772,0.001001001001001001,0.36628282359483855
https://hashdive.com/Analyze_User?user_address=0x61e66f53056e8944f0f0a982496ef828b981e3e0,0.99,3.8052,418.57992,0.00909073708074673,-2.0070645309857365
https://hashdive.com/Analyze_User?user_address=0xe27b91bb3b8f991f49e5e1e8d90524e73e9f858f,0.89,-172.0297,400.4021,-0.4296423520256262,0.23072365646085857
https://hashdive.com/Analyze_User?user_address=0xc3653eedee870fe6f6ea6f9f8d6ef71e7a075419,0.960967,15.830855,399.999751,0.03957716213678343,-23.040124018680377
https://hashdive.com/Analyze_User?user_address=0x9dd9e18b9dcc393705e73966bc79eccbbd9108bd,0.850587,63.500525,361.499475,0.17565869217375765,-0.22417392371117167
https://hashdive.com/Analyze_User?user_address=0x3804fb6b5781d6829f2ac3967647e98021b66136,0.681414,134.631204,352.47035618258394,0.3819646152888369,0.5067721833050773
https://hashdive.com/Analyze_User?user_address=0xaacf24a7c9a2025fc49ee6539608edd6d0ef5f84,0.809999,77.407814,329.999591,0.23456942405725587,-3.3389771685574754
https://hashdive.com/Analyze_User?user_address=0xf4cd584ea9ad01b30c2be5d2b9dbffc9ba890516,0.95,8.1,313.5,0.02583732057416268,0.6529610544618512
https://hashdive.com/Analyze_User?user_address=0xc17fc6a7b3f4bab001c3035fe984a1fca46550aa,0.7,130.065,303.485,0.42857142857142855,-5.918849830084136
https://hashdive.com/Analyze_User?user_address=0xc9adca8d223d6e9082b09223f5c25f02ef7bf186,0.906976,30.437858,299.999746,0.10145961256913863,1.9340179165709643
https://hashdive.com/Analyze_User?user_address=0xa591e383d23edd5e6bbec59b49502b5ab7789079,0.984855,4.415979,287.164021,0.015377897915700241,-0.2744911069511645
https://hashdive.com/Analyze_User?user_address=0xc89e88a23e1a8811a003cf5571a5ec83a2c16a30,0.999,0.27773,277.45227,0.001001001001001001,-0.813490352235834
https://hashdive.com/Analyze_User?user_address=0x0e42835e7cef82a37e7bac4f41b567d24d50f833,0.9,28,252,0.1111111111111111,-1.9313980767728998
https://hashdive.com/Analyze_User?user_address=0x3d530334446a311fbff89a5cda4ad54d0dc20644,0.83,49.5,249,0.19879518072289157,10.367747928993278
https://hashdive.com/Analyze_User?user_address=0x89dc63cf4a489958c691a2503fd51c559b3ee209,0.8,59.65622,239.824,0.24874999999999997,-3.3983853753328623
https://hashdive.com/Analyze_User?user_address=0xe9b8005c55e8ef2c311fbbd427521c981828cc82,0.998,0.23273,232.26454,0.001002004008016032,-23.354062123569598
https://hashdive.com/Analyze_User?user_address=0x92c1bfbf1cba72893b37778ca59071e337b990c1,0.909999,22.747504,229.999739,0.09890230353696183,6.968018638250317
https://hashdive.com/Analyze_User?user_address=0xe9473a70f58272d3c8cbc31da1079fb0578f2cf3,0.869992,30.83991,227.616948291344,0.13549039397771773,1.071588045982884
https://hashdive.com/Analyze_User?user_address=0xde5314ddd05574a22cdaeef4e9ab2c02ce90e5be,0.9,-20,225,-0.08888888888888889,1.2363030099748344
https://hashdive.com/Analyze_User?user_address=0xaad9a25ac8fefda50dc5521f84f826da996c34e4,0.99,2.1096,208.8504,0.0101010101010101,-4.919624136373871
https://hashdive.com/Analyze_User?user_address=0x4f05af03c2ab62afd026277011d689ce3cb28ad8,0.89,24.719101,199.999999,0.12359550561797752,-7.017375934555775
https://hashdive.com/Analyze_User?user_address=0xdebbe89ceb32828a99648bca497684f5209ceedb,0.67,97.02,196.98000000000002,0.49253731343283574,-8.749151227526612
https://hashdive.com/Analyze_User?user_address=0xb13d096b2e90411d0e5f42891d2e73ef4cea2e90,0.876186,26.00094,183.99906,0.14131017843243332,1.7518885701468132
https://hashdive.com/Analyze_User?user_address=0x1bbc39e429e0d6c119ecc31ed64b36326a60f458,0.742968,20.483011,181.284192,0.11298840110669993,-4.715398970564241
https://hashdive.com/Analyze_User?user_address=0x51373c6b56e4a38bf97c301efbff840fc8451556,0.605536,-18.794771,180.449728,-0.10415516392465829,-0.4011409018438797
https://hashdive.com/Analyze_User?user_address=0x93c3febbc81437cf6a378fcc6c226bd2550fbec9,0.87,25.713103,172.079997,0.14942528735632185,4.288488453321019
https://hashdive.com/Analyze_User?user_address=0x261a88acb07f9544661945fc0cb9e5bbb54fee81,0.9,19.012222,171.109998,0.11111111111111112,-0.0034772378438771
https://hashdive.com/Analyze_User?user_address=0x212954857f5efc138748c33d032a93bf95974222,0.676475,68.124659,142.44534075,0.4782512270412747,5.569748941974341
https://hashdive.com/Analyze_User?user_address=0xcfc5c3a9ecb216bdd5a430ef30ef3a6bbfc1817e,0.9,15,135,0.1111111111111111,-3.9016562478534182
https://hashdive.com/Analyze_User?user_address=0x9228bd42699c2e5c4abfd41e55a698b4caebe41a,0.89,16.5,133.5,0.12359550561797752,-0.19591708078536568
https://hashdive.com/Analyze_User?user_address=0xd72753dae1cb01011c1e69af78ee1f9494bbecce,0.63,73.997599,125.99591256000001,0.5873015838094104,0.2151939384284983
https://hashdive.com/Analyze_User?user_address=0x8e26cde5999d73ea35549f0876f80157b60bb14a,0.916326,10.957755,119.99996,0.09131465543821848,-5.351985132085173
https://hashdive.com/Analyze_User?user_address=0xd6a39cef30c927c4d57b5cc519f3a2d0332a9738,0.68,48,102.00000000000001,0.4705882352941176,4.68565651064676
https://hashdive.com/Analyze_User?user_address=0xa64761d494d973156b83ac559c635477300c64ee,0.91,9.999999,101.11111,0.09890109009781418,-0.07975360582324927
https://hashdive.com/Analyze_User?user_address=0x9353c9dd0c49a3cf228a4d5013589dbf1404cdbe,0.9,11.111111,99.999999,0.1111111111111111,-1.462317506883526
https://hashdive.com/Analyze_User?user_address=0xc9c36d3afb757d75fd54feafab1b1f04419d079f,0.99,1.010101,99.99999899999999,0.010101010101010102,-12.332095580105626
https://hashdive.com/Analyze_User?user_address=0x895c04a6165ca9136b78237ff79478a2401cf60c,0.635862,-5.639658,99.99992856919201,-0.05639662028456155,16.596218750712733
https://hashdive.com/Analyze_User?user_address=0x480d013bf6665fb174fb7ec6ea677cfc8140f219,0.683663,46.124342,99.999880614686,0.4612439706575626,-3.2852977146273394
https://hashdive.com/Analyze_User?user_address=0x6b3a549080f043f5ac2433a30e5ce154c7782841,0.63,55.5,94.5,0.5873015873015873,0.8987911748658239
https://hashdive.com/Analyze_User?user_address=0xa7ec2d5ce6c38557443a044e627d6abd317279fb,0.999,0.09259,92.49741,0.001001001001001001,0.2414185336114212
https://hashdive.com/Analyze_User?user_address=0x12d8cd1568cd58546ea77d843d597b32bacf7359,0.9,10,90,0.1111111111111111,0.5833368116038722
https://hashdive.com/Analyze_User?user_address=0xe4d8437e2950ea5b64339e3dec4ff9d6bee7253c,0.9,10,90,0.1111111111111111,-0.10819748619977931
https://hashdive.com/Analyze_User?user_address=0x075d998d74db883985f0e8a5c93c278d45fd9743,0.9,10,90,0.1111111111111111,-1.0589538242783345
https://hashdive.com/Analyze_User?user_address=0x5ecda9c0bd8984e23a96f14ba2f46f85d27dcf2a,0.9,10,90,0.1111111111111111,1.333510526732289
https://hashdive.com/Analyze_User?user_address=0x8aad0428cbfc16462e88fa33bb2b90da3712ef81,0.89,11,89,0.12359550561797752,-10.483474884020579
https://hashdive.com/Analyze_User?user_address=0x438e034ed7faf3afe095b8d7da918aee2d6a9704,0.84357,10.48012,88.57485,0.11831936492130667,-2.538670041665089
https://hashdive.com/Analyze_User?user_address=0x1f1616c9efbea56b0e5a8f4aaba12c86ffb15bb0,0.993,0.50148,82.99494,0.006042296072507554,-16.73334467432802
https://hashdive.com/Analyze_User?user_address=0x0baf0e1fef0d43e33e84ea937d7c7e60559ee09e,0.99,0.8357,82.7343,0.0101010101010101,-0.07817906854127345
https://hashdive.com/Analyze_User?user_address=0x5f41a1a64b8dbccf3c8559384b599f52c1dc83f5,0.82,18,82,0.21951219512195122,2.901144584712018
https://hashdive.com/Analyze_User?user_address=0xf3efae5f80d56f5b0d9a4cc12ac1bfc750e56bf0,0.9,-7.2888,81.999999,-0.08888780596204642,-4.6157918722606155
https://hashdive.com/Analyze_User?user_address=0x710dcbfae1f24307337d7ffe4c93f3dabe25eb90,0.9,9.088888,81.799992,0.11111111111111112,4.316688826326772
https://hashdive.com/Analyze_User?user_address=0x3d64c3761d86ebfa99eceb4285d427caf3d98501,0.992,0.57575,81.59944,0.007055808226134885,-11.057579605492824
https://hashdive.com/Analyze_User?user_address=0x49b76efd7bfc0e4b2f86ad6c20126438b31932d7,0.999,0.07381,73.73619,0.001001001001001001,0.18126025117617714
https://hashdive.com/Analyze_User?user_address=0xfd99fe1a8ec8fc5505ac3f30ba0cb296e011f375,0.74,24.7,70.3,0.35135135135135137,-3.990002790266237
https://hashdive.com/Analyze_User?user_address=0x3a4f2d28f884a5d7bfab73956792bc1c931ac4f2,0.69,30,69,0.43478260869565216,-1.6630609458418548
https://hashdive.com/Analyze_User?user_address=0xdad3b1efcc4f6bfd26d94cb47b0505693e0f7044,0.67,33,67,0.4925373134328358,11.544946882919485
https://hashdive.com/Analyze_User?user_address=0x83424da14fc31af4182fbad0a0d73796f5c813c9,0.79,16,63.2,0.2531645569620253,-16.219426538924235
https://hashdive.com/Analyze_User?user_address=0xefab58ed4a064fe0da25c10bc9d91e726436a473,0.89,7.62891,62.292715,0.12246873490744464,-11.52298081191586
https://hashdive.com/Analyze_User?user_address=0x3d9222b62bc3d8a962951acfbdf198dd572b3974,0.9,6.722222,60.499998,0.11111111111111112,-1.180736618869361
https://hashdive.com/Analyze_User?user_address=0x63847a9d8e9a50990226f0713ac80de384610fb4,0.629999,33.247232,56.609908972858996,0.5873041063524765,-5.403770705228393
https://hashdive.com/Analyze_User?user_address=0x064ef5b9258726f9c63a41645a28b4a9605688db,0.91,5.4,54.6,0.09890109890109891,2.809702831385332
https://hashdive.com/Analyze_User?user_address=0xc95c799fc7f181bce06f8a5677f300efea56cef3,0.87,7.8,52.2,0.14942528735632182,-3.5796545226660834
https://hashdive.com/Analyze_User?user_address=0xa75e08967b5a9af050a7126fa9dc2d2015cdf537,0.9,5.555555,49.999995,0.11111111111111112,-6.773070110440443
https://hashdive.com/Analyze_User?user_address=0x44afef32248bf8198f2d456a990464e69a1ec7dd,0.9,5.555555,49.999995,0.11111111111111112,-7.320499068865185
https://hashdive.com/Analyze_User?user_address=0x88c15e3eef54efb41055ff8def2cbf451790a7cb,0.88,6.818181,49.999994,0.13636363636363635,-3.5830884797282136
https://hashdive.com/Analyze_User?user_address=0xd206309e90808101e268dc904378689ea1348a30,0.89,5.87728,47.9888,0.12247191011235956,0.4302071135605544
https://hashdive.com/Analyze_User?user_address=0xd9fe1cfdd524168c7b8fb52503a5cdda77a085f3,0.81,10.73,46.98,0.22839506172839508,-0.7470947398963851
https://hashdive.com/Analyze_User?user_address=0xe25c28438f4f51bf12efed21efd45f33d8cfae63,0.866875,7.099999,46.233332,0.15356883644034136,1.0704343101221372
https://hashdive.com/Analyze_User?user_address=0x6bea184d24deac1e6ce9bc5d89facb6274585d50,0.89,0,44.5,0,-6.900971593508734
https://hashdive.com/Analyze_User?user_address=0xe0bf45c435763b441d309ed33bae39efff6a14cf,0.89,5.5,44.5,0.12359550561797752,-2.5622566923802683
https://hashdive.com/Analyze_User?user_address=0xa9d71818dadc207f9ea3d3f46ff0b12e497025e9,0.808181,10.550045,44.449955,0.2373465844903555,0.6158016130618288
https://hashdive.com/Analyze_User?user_address=0x0c5798bb483377ed55dd763aa955afa49f63224b,0.9,4.69,42.21,0.11111111111111112,-7.159718952063974
https://hashdive.com/Analyze_User?user_address=0xa63c7a00f8434d0110cae4f402d30656ba984eba,0.759999,12.631631,39.999945888423,0.31579120219899887,-1.5879272217522615
https://hashdive.com/Analyze_User?user_address=0xd8296e4611bb837ddc050e823e77be2d453f3fc4,0.819999,8.780534,39.999942,0.21951366829481903,6.306701256555385
https://hashdive.com/Analyze_User?user_address=0x798937075cf3119bf6ca7ec7f76840786f39da85,0.9,4.444,39.996,0.1111111111111111,7.954958394375482
https://hashdive.com/Analyze_User?user_address=0x94d9a9167f41397774651c4dd7a1a9dc6a60c641,0.64,22.269375,39.59,0.5625,1.8350522292382865
https://hashdive.com/Analyze_User?user_address=0x4f19c62fed8b6effacd5200fc6f5d24b077ad916,0.879892,0.00284,39.321238,0.0000722255998145328,-1.340961944750358
https://hashdive.com/Analyze_User?user_address=0x3d7072624ed20de7499dac25dffeab54ed80120a,0.9,4.222,37.998,0.11111111111111113,-2.6823884792103465
https://hashdive.com/Analyze_User?user_address=0x375197d843a78f2a75e43b72d5f2922ec88ad5dd,0.9,4.222,37.998,0.11111111111111113,-13.064382770665265
https://hashdive.com/Analyze_User?user_address=0xdc194c9d9d234a150f16bd01eb914caeadbbd4f6,0.9,4.111,36.999,0.11111111111111109,2.2700446233565277
https://hashdive.com/Analyze_User?user_address=0xbc296cbcdac729f7ca7df99732bb94d58b641ad7,0.9,4,36,0.1111111111111111,-1.1876004404478668
https://hashdive.com/Analyze_User?user_address=0x5347b8605fb78c6784a06b5e4926011f570b36a5,0.68,16.941176,35.999999,0.4705882352941176,3.6895863217652343
https://hashdive.com/Analyze_User?user_address=0xf117d5f40277f9776afa81c43210ebdbedd3c9e9,0.939733,2.169846,35.609942,0.06093371339947704,-3.79449669211577
https://hashdive.com/Analyze_User?user_address=0xf913ea3bf9faf27e495c9c58b57f4af34dd75543,0.717124,1.753231,34.421952,0.05093351475244635,0.37018422583843186
https://hashdive.com/Analyze_User?user_address=0xa96b9210c3fb0697d9074d363aeba8b9d0ea033b,0.9,3.694444,33.249996,0.11111111111111109,-1.1950431506722308
https://hashdive.com/Analyze_User?user_address=0xc7f7edb333f5cbd8a3146805e21602984b852abf,0.59,1.6458,32.367399999999996,0.05084745762711865,4.415474229232435
https://hashdive.com/Analyze_User?user_address=0xdbeabf6b04d6f5e328c269ed7094995e93ed259b,0.9,3.555,31.995,0.11111111111111112,12.377396377708678
https://hashdive.com/Analyze_User?user_address=0x904ec63eb5b1380adc763e28ce022aa0c9ea7ff3,0.9,3.333333,29.999997,0.11111111111111112,-3.9213261248512983
https://hashdive.com/Analyze_User?user_address=0xd6cd1fd67d33a1d67a35a587963919273a2a49a5,0.889999,3.707898,29.999964,0.12359674831609799,4.448973763391972
https://hashdive.com/Analyze_User?user_address=0xe875656932d3f2e9f64755f6c3832dfce03fbfa0,0.9,3.222222,28.999998,0.1111111111111111,-0.722751928278786
https://hashdive.com/Analyze_User?user_address=0x00fef156a898007db11f9f84780d70636777d038,0.9,3.222,28.998,0.1111111111111111,-14.178864022354244
https://hashdive.com/Analyze_User?user_address=0x5d9369fe7452f56832b6e42e518fa9ef00a68dfa,0.679999,13.17651,27.999957063532,0.47059036448171876,-0.7510308740343096
https://hashdive.com/Analyze_User?user_address=0xfd31f4a0d77c2d06397a21966cbfb9e9c38a4f6d,0.9,3,27,0.1111111111111111,-8.448695698921028
https://hashdive.com/Analyze_User?user_address=0x227238f7b4c160a4e07207e0d8a18e90c4832e9c,0.619411,0.861993,26.965501034511004,0.03196651153994148,-0.5469289245866122
https://hashdive.com/Analyze_User?user_address=0x7eeee240799384412b34255e84492a03d85db4b2,0.89,3.299799,26.69838,0.12359547657947786,2.6216888292310268
https://hashdive.com/Analyze_User?user_address=0x38e0dda740acefb986d9fa0a5185cc091908751d,0.85,4.5,25.5,0.17647058823529413,-1.4669185272393002
https://hashdive.com/Analyze_User?user_address=0x3bfa56cb9700cac4f3afc70fa4df3b352395bfe0,0.676431,6.856302,25.269900280821002,0.2713228751917039,-1.4796721708655918
https://hashdive.com/Analyze_User?user_address=0xcba436891750eb86bed7957a1c5a46c0ec941f1d,0.789999,6.6456,24.999965,0.265824372154121,0.01695183425980196
https://hashdive.com/Analyze_User?user_address=0x2366dfe4a7079538fa20f6d3afb3273e7fbd1078,0.679999,-0.367563,24.999961275297,-0.01470254277406409,-0.9087580091491415
https://hashdive.com/Analyze_User?user_address=0xa2c0bbde476d132e977f1d85c2105c87452eb5fc,0.9,2.777,24.993,0.11111111111111112,4.373416281543236
https://hashdive.com/Analyze_User?user_address=0x9bf7ef0c1a7afd1028a220333abc12ce1cd5cdb7,0.83,4.76,23.24,0.20481927710843373,0.2306740283788852
https://hashdive.com/Analyze_User?user_address=0xc05786d4c89fd45b26188945cde84cabf13f90a4,0.9,2.555555,22.999995,0.11111111111111112,-0.37391722751386586
https://hashdive.com/Analyze_User?user_address=0x57ac2bfbf4e33b18896675313fb7f64e99b2e462,0.869999,0.522226,22.71997,0.02298532964612189,-15.484509912494458
https://hashdive.com/Analyze_User?user_address=0xcbf27e9c3aed1477a8d4b3e7e96c8fc16f1a1c99,0.570124,-0.004891,22.497091,-0.00021740588594320928,-0.16615810309427717
https://hashdive.com/Analyze_User?user_address=0xaa51ba2a861267cf6a27af36513d832e0372ebcd,0.89,2.719101,21.999999,0.12359550561797754,-43.922363209758174
https://hashdive.com/Analyze_User?user_address=0x25cab23a917c1473ff875489db27e1b539963d04,0.9,2.444444,21.999996,0.1111111111111111,-8.298685958576984
https://hashdive.com/Analyze_User?user_address=0x54ef703319bb0f7d7654511c61319a818ede69f4,0.9,2.444,21.996,0.11111111111111112,11.141631936400069
https://hashdive.com/Analyze_User?user_address=0x7355d913d9128d223517cd94584847be77b74036,0.8,5,20,0.25,-16.54529106967827
https://hashdive.com/Analyze_User?user_address=0xab87edb5810c55cee194257e21efdb63c178ffd2,0.87,2.988505,19.999995,0.14942528735632185,-3.941379070337568
https://hashdive.com/Analyze_User?user_address=0xbc8fbed981135df923406628dc6981193a88bc73,0.95,1.052631,19.999989,0.052631578947368425,-0.9346250723685416
https://hashdive.com/Analyze_User?user_address=0xe21f1ee59294d97791c41ee26df62f5f7c425072,0.909999,1.978042,19.999968,0.09890225824361319,-5.4265909774671215
https://hashdive.com/Analyze_User?user_address=0x9797002d41bb2276b29030fc406cb9451d994e3d,0.909999,1.978042,19.999968,0.09890225824361319,-41.086401690558475
https://hashdive.com/Analyze_User?user_address=0x07742d738fc6cb6a1aaf8c894722ff844b75b82c,0.909999,1.955351,19.999968,0.0977677064283303,-0.2480623333789631
https://hashdive.com/Analyze_User?user_address=0xdc5189a31f5a3831e9691a72fa276318d8742bed,0.629999,11.746062,19.999966523971,0.5873040830304258,7.157358839831735
https://hashdive.com/Analyze_User?user_address=0xf4f718aada6c76b4b35713f61ef1eb60378dac2c,0.82,4.3902,19.9998,0.21951219512195122,1.0024406958157495
https://hashdive.com/Analyze_User?user_address=0x58cdd11938a34b66c9afb792e5d62b62e91b9179,0.799963,0.000915,19.787654,0.000046240954081772406,-0.8998071141961711
https://hashdive.com/Analyze_User?user_address=0xea9e60763ce2e27294d869f2fd24020b5188d3fb,0.56,-1.8077,18.810400000000005,-0.09610109301237611,4.298096989317294
https://hashdive.com/Analyze_User?user_address=0x8f59026c3bbd3d0667f2e51d09109c45e91fd367,0.9,0.9,18,0.05,-5.244278541276613
https://hashdive.com/Analyze_User?user_address=0xe56363a3b5c0493d391b1d9da317acc71632398b,0.9,2,18,0.1111111111111111,0.43739979297760745
https://hashdive.com/Analyze_User?user_address=0x6435eb3159d3b051bb59cd8c7d8ff225f9119fff,0.679999,8.470614,17.999972689413,0.4705903806721963,-0.2660531964603287
https://hashdive.com/Analyze_User?user_address=0x09c248c29635c0cebd9dae058ce59f7eeeeefe86,0.87,2.6,17.4,0.14942528735632185,-6.116463684958168
https://hashdive.com/Analyze_User?user_address=0x6b1c51d67724da6e8c78a234ac1397b2a3480063,0.889999,2.139457,17.309979,0.12359674150962288,-4.908772521318893
https://hashdive.com/Analyze_User?user_address=0x095c6d30f23a345af506920fef139fb97520889b,0.68,8,17,0.47058823529411764,11.910908565823084
https://hashdive.com/Analyze_User?user_address=0x54e7767240cd6f74b4f934676a4dddb82f22e35f,0.78,4.4,15.6,0.2820512820512821,-1.6119571771143764
https://hashdive.com/Analyze_User?user_address=0x541fefade1f99c2a0779eeace7f350a698940130,0.909999,1.483532,14.999979,0.09890227179651385,1.6165396337190352
https://hashdive.com/Analyze_User?user_address=0x21a270a2eaa2eddee64e6864a11f4c2ebfc8866d,0.909999,1.483532,14.999979,0.09890227179651385,0.1438806252711901
https://hashdive.com/Analyze_User?user_address=0x77890093a80e15f6867d1119dccd83dfccca6f26,0.822907,3.228055,14.999969,0.21520411142183027,-3.7376113125572874
https://hashdive.com/Analyze_User?user_address=0xb541174c11ada820b1cfca8dbb8162a94ec3947f,0.88,2.04,14.96,0.13636363636363635,-8.540108995701152
https://hashdive.com/Analyze_User?user_address=0xc4165f012c3a30f805e2b84d361ba7b1c1a79b78,0.799971,0.000536,14.796436,0.00003622493957328643,-2.295764223299415
https://hashdive.com/Analyze_User?user_address=0x1a6bf2ce7fa8536e179ae8437c25560a5ff2ee42,0.9,1.637777,14.739993,0.11111111111111112,-0.009607007217764203
https://hashdive.com/Analyze_User?user_address=0x4527cdd1b57e3aba1e99a474b727e1ea7c4aae9d,0.9,1.614444,14.529996,0.1111111111111111,-0.03645640057166278
https://hashdive.com/Analyze_User?user_address=0x52c96232bfd3dc1595a52a856cff62e6eb4612ad,0.9,1.61,14.49,0.11111111111111112,-0.013427570398930019
https://hashdive.com/Analyze_User?user_address=0xf77578099eba1d89d2f26c7dedb70a45de562bae,0.899999,1.585571,14.269983,0.11111232578202791,-0.036515370530745606
https://hashdive.com/Analyze_User?user_address=0xda124bac8315159a1bb5c0e7533216f51157a0da,0.9,1.583333,14.249997,0.11111111111111112,-0.061833848561830884
https://hashdive.com/Analyze_User?user_address=0x6a15d8e6d15c48aa682eece5bcc1b3f36bfa9c2a,0.9,1.58,14.22,0.1111111111111111,-0.03495372228279702
https://hashdive.com/Analyze_User?user_address=0x1a25b7ee72f35aeca4e7eb10f6685d9cbc7f7678,0.899999,1.57446,14.169983,0.11111234219547052,-0.01764377432188931
https://hashdive.com/Analyze_User?user_address=0x398bbb37198aba8e1da9c512a02354a49043c171,0.9,1.57,14.13,0.1111111111111111,-0.023714798649429047
https://hashdive.com/Analyze_User?user_address=0x30858a1b8834b2888978ec5c5c89c60fa5f33be8,0.629999,8.222243,13.999977007779,0.5873040359588707,0.014394476242556966
https://hashdive.com/Analyze_User?user_address=0x1e3ab42f1e9becc48415bb80435b3361b9708cfc,0.9,1.552222,13.969998,0.1111111111111111,-0.0530040002489752
https://hashdive.com/Analyze_User?user_address=0xcf8f988eba934fba773cc2cb8cff9ab7ad8cc245,0.9,1.551111,13.959999,0.1111111111111111,-0.009341684255951357
https://hashdive.com/Analyze_User?user_address=0xd80de0b379f8772ccc3e84e49d0d6fc8ad55571a,0.9,1.548888,13.939992,0.11111111111111112,-0.013090482541961886
https://hashdive.com/Analyze_User?user_address=0xf3f1fc94502314a327f167ed4d5945a049ebb5e4,0.9,1.542222,13.879998,0.1111111111111111,0.004931176227579646
https://hashdive.com/Analyze_User?user_address=0xbda52b39057a0645fd882009233d6c7e334f98ae,0.899999,1.542237,13.879983,0.11111231188107364,-0.008982058647200641
https://hashdive.com/Analyze_User?user_address=0x7494d6947a08d152d2920d93ce7f9f2f90574d8f,0.9,1.54,13.86,0.11111111111111112,-0.012601847152833866
https://hashdive.com/Analyze_User?user_address=0xd3011f13743348d8be10c365eed9d777930b5dbb,0.9,1.536666,13.829994,0.11111111111111112,-0.05815234173639061
https://hashdive.com/Analyze_User?user_address=0xabd05823f3c1e9494df91774cffc209bc7b45bab,0.9,1.533333,13.799997,0.11111111111111112,-0.03271471111169087
https://hashdive.com/Analyze_User?user_address=0x292187e243d7d715f477c4d30fec8f27719d510f,0.9,1.533333,13.799997,0.11111111111111112,-0.0229306242933564
https://hashdive.com/Analyze_User?user_address=0xb610b0648a811940c95e02bf7a5301e34f0e8b4a,0.9,1.525555,13.729995,0.1111111111111111,-0.018543874272818756
https://hashdive.com/Analyze_User?user_address=0x4bf26e93e0ca1d75f53e68d002aaf5ad8c0850db,0.9,1.524444,13.719996,0.1111111111111111,-0.027308825298312973
https://hashdive.com/Analyze_User?user_address=0x512cc5f9caeb86ad7a8b50b69e99f66ce619b117,0.9,1.523333,13.709997,0.11111111111111112,-0.04346811990497698
https://hashdive.com/Analyze_User?user_address=0xe97b76a0127415eed4de20774a371f587499c9fc,0.9,1.52,13.68,0.11111111111111112,0.014828974269596938
https://hashdive.com/Analyze_User?user_address=0xa879399c8e4ff45e957221c6208a8573eba67515,0.91,1.35,13.65,0.09890109890109891,6.379646815530994
https://hashdive.com/Analyze_User?user_address=0xa35abe849e2f070436ff653c3c29c5c002fa3f52,0.9,1.516666,13.649994,0.11111111111111112,-0.04282910912864585
https://hashdive.com/Analyze_User?user_address=0x1432753b51b23494f7ca8504161a92c14c8a6049,0.9,1.514444,13.629996,0.1111111111111111,-0.0081759027948038
https://hashdive.com/Analyze_User?user_address=0x0abe9277f15752cc8de6f49086432950a62ea578,0.9,1.507777,13.569993,0.1111111111111111,-0.03055209685147499
https://hashdive.com/Analyze_User?user_address=0x41acb110bc1821a21c327251e1be5ec11b0c3e33,0.9,1.5,13.5,0.1111111111111111,0.3956628994097439
https://hashdive.com/Analyze_User?user_address=0x6c62d8477292c12a712d96cc5d7dffe80594e085,0.9,1.496666,13.469994,0.11111111111111112,-0.03214809082592624
https://hashdive.com/Analyze_User?user_address=0x7b65cc1e59344fb10368b2f58170ac10052fda42,0.9,1.487777,13.389993,0.1111111111111111,-0.022676563590154027
https://hashdive.com/Analyze_User?user_address=0x02cade937107971a231bf8fbe70d3534f8bb8c89,0.9,1.482222,13.339998,0.1111111111111111,-0.0390793032348825
https://hashdive.com/Analyze_User?user_address=0x3bd35a47eb87a190464974dc04c8528b7cb84a8d,0.9,1.47,13.23,0.1111111111111111,-0.01632004332128674
https://hashdive.com/Analyze_User?user_address=0x06db207a66a1761596c84a4cb05ad9bc9d563b37,0.899999,1.467792,13.209984,0.11111232231621174,-0.020715125713900745
https://hashdive.com/Analyze_User?user_address=0x35c70fa815f55908b47daed1d49e4eddfe824531,0.899999,1.463347,13.169984,0.1111122838114306,0.013705469739656369
https://hashdive.com/Analyze_User?user_address=0xcaaa6fe43ad7ae619a2b137daf3b3ab06eca50cf,0.9,1.462222,13.159998,0.1111111111111111,-0.05033249239028096
https://hashdive.com/Analyze_User?user_address=0x32d578d72f06e68d2dc27d38a1d4735805bfd6cd,0.9,1.46,13.14,0.1111111111111111,-0.05094623833519548
https://hashdive.com/Analyze_User?user_address=0xb8a6d9558bb2618db7be67bf84a225c31aeed36a,0.899999,1.455569,13.099984,0.11111227311422671,-0.019447979040037193
https://hashdive.com/Analyze_User?user_address=0x5b834427f2c355777ac7e3b298a97c4fe2710328,0.899999,1.448903,13.039984,0.11111232958568047,-0.01544946585736641
https://hashdive.com/Analyze_User?user_address=0xc4931bcc44a207e59e28e6c64e17d16764e27c77,0.709999,5.309877,12.999980870142,0.4084526779724407,0.26639003002424455
https://hashdive.com/Analyze_User?user_address=0x1f1d43cace1a83a8763c30f91fd797257f8fe3df,0.9,1.441111,12.969999,0.11111111111111112,-0.011458272843765004
https://hashdive.com/Analyze_User?user_address=0x12ea06144e14ebd32a2e902489c28d3890a7e049,0.9,1.441111,12.969999,0.11111111111111112,-0.012233924172763134
https://hashdive.com/Analyze_User?user_address=0x8d1805b353c2a3704c3eb1bd669c10de0634eb17,0.899999,1.438903,12.949984,0.11111233805385397,0.008141452150463937
https://hashdive.com/Analyze_User?user_address=0xcc140c5e097f21f9b0cea1ca6e33cbb354e478a6,0.899999,1.435569,12.919984,0.11111228930314467,-0.028792559482371284
https://hashdive.com/Analyze_User?user_address=0xa618a0bb15ad3b7d8d6d689a039d61755c9ee3f2,0.9,1.433333,12.899997,0.1111111111111111,0.004352438955233386
https://hashdive.com/Analyze_User?user_address=0xf8b7bf244466f4b59ccbfc2dff3f26aee9ef7eb3,0.9,1.428888,12.859992,0.1111111111111111,-0.01036321262535583
https://hashdive.com/Analyze_User?user_address=0xba5d079a5436f6aceee7eaccfddfc8e3a71d4a80,0.9,1.424444,12.819996,0.11111111111111112,-0.0185469468968476
https://hashdive.com/Analyze_User?user_address=0x7994429c55c33d7a1667a49e3979922d81e7acc4,0.9,1.408888,12.679992,0.1111111111111111,-0.048268198483957664
https://hashdive.com/Analyze_User?user_address=0x30924d0e583b5e397d297d33c62f021dd14d4080,0.9,1.406666,12.659994,0.11111111111111112,-0.03380768189984749
https://hashdive.com/Analyze_User?user_address=0x82e6d99f44fa8b60ed9f9f76848210ef85282f93,0.9,1.402222,12.619998,0.1111111111111111,-0.01761326029484958
https://hashdive.com/Analyze_User?user_address=0xc9c9b9e3d616f38419453d9053fa7917e57ec240,0.9,1.398888,12.589992,0.1111111111111111,-0.025839325219653105
https://hashdive.com/Analyze_User?user_address=0x6f94f8a93ac6415eb766c74910a37ba7f2cd7cba,0.9,1.396666,12.569994,0.11111111111111112,-0.05519490239709217
https://hashdive.com/Analyze_User?user_address=0x8be72aa2f79a5d90a4639bf466c2bd1e186b6599,0.9,1.393333,12.539997,0.1111111111111111,-0.008905011562638517
https://hashdive.com/Analyze_User?user_address=0xe81d6f28a65180753ceed24985c6ec735581ef41,0.9,1.39,12.51,0.1111111111111111,-0.002541006593970709
https://hashdive.com/Analyze_User?user_address=0x3161278077d27f3346faf1fe5b2fdb093d5952db,0.869999,1.579614,12.499985,0.12636927164312597,-2.901512968135411
https://hashdive.com/Analyze_User?user_address=0xd36f23765491ff7f8f811998e24e50ef2ecdfcb4,0.899999,1.388902,12.499984,0.11111230222374685,-0.010694845137354355
https://hashdive.com/Analyze_User?user_address=0x20ce945f4fef32b42c406c67bb32ddbc974083b7,0.9,1.377777,12.399993,0.1111111111111111,-0.054743649162459954
https://hashdive.com/Analyze_User?user_address=0x37fa758048439c148feacea9efa11baa0440fc24,0.9,1.375555,12.379995,0.11111111111111112,-0.00299852524653533
https://hashdive.com/Analyze_User?user_address=0xa42796384c860782a9e8df6418bd9438c4ac849b,0.9,1.371111,12.339999,0.1111111111111111,-0.05938187584734955
https://hashdive.com/Analyze_User?user_address=0x45233fad3ad0ec43035ae9c4b5b3e9be7d1c628c,0.9,1.371111,12.339999,0.1111111111111111,-0.006037709212766578
https://hashdive.com/Analyze_User?user_address=0xd37e65ae2c8fe8f1c52e827dc00ee2bf78ecccc6,0.9,1.365555,12.289995,0.11111111111111112,-0.04433595584647877
https://hashdive.com/Analyze_User?user_address=0xa6e606e99ac7c1ae28eef7dccd160bc56c57c81b,0.9,1.361111,12.249999,0.1111111111111111,-0.034192507676456964
https://hashdive.com/Analyze_User?user_address=0x864c55cf731dfb585b4fe269288dd690f056dc83,0.899999,1.354457,12.189985,0.11111227782478814,-0.015823811939949837
https://hashdive.com/Analyze_User?user_address=0x4b8104c62968d08cee8ce4bb0028181f04e7a7c4,0.9,1.353333,12.179997,0.1111111111111111,-0.034584180332914466
https://hashdive.com/Analyze_User?user_address=0x75b46fbff538119587ab987364cbfb6b35755aab,0.81,0.75,12.15,0.06172839506172839,-1.2175122659743074
https://hashdive.com/Analyze_User?user_address=0xc83b061effc73dcbd98f9821eaecfd02b34c998d,0.9,1.346666,12.119994,0.1111111111111111,-0.0068716046862609785
https://hashdive.com/Analyze_User?user_address=0xa1882c1c2b4aa440ed2c80957904f6b0bfcacde4,0.9,1.346666,12.119994,0.1111111111111111,-0.0589905166743212
https://hashdive.com/Analyze_User?user_address=0x295687b02ea977757b64e686649a1d6b99f2b63d,0.9,1.343333,12.089997,0.11111111111111112,-0.051905477124978644
https://hashdive.com/Analyze_User?user_address=0x300194a6e1374606fec0c0091141a57575d5d6b0,0.9,1.342222,12.079998,0.11111111111111112,-0.02188766287915169
https://hashdive.com/Analyze_User?user_address=0xf89904df332e3a370d5a8b4a6fb92cdb2b660a56,0.9,1.341111,12.069999,0.11111111111111112,-0.06076885305502727
https://hashdive.com/Analyze_User?user_address=0x410908ef96724d62ffb2fed873fb20604554f5b3,0.9,1.338888,12.049992,0.11111111111111112,-0.03334988428838576
https://hashdive.com/Analyze_User?user_address=0x0dd0d243bb66956eb9b0f8fb0a45184f3b87cbd2,0.899999,1.328901,11.959985,0.11111226310066444,0.0015890370992060832
https://hashdive.com/Analyze_User?user_address=0xbb066f5de5956a3af7b4a098bfc5b390e22c5155,0.9,1.326666,11.939994,0.1111111111111111,-0.027921572989640826
https://hashdive.com/Analyze_User?user_address=0x2402576f8637658ab8b9012267c4d0f49c7f463a,0.9,1.322222,11.899998,0.1111111111111111,-0.03645375740983582
https://hashdive.com/Analyze_User?user_address=0x883f49442619df799cf067656a2c9090c6c978ad,0.9,1.317777,11.859993,0.11111111111111112,-0.02986584005836137
https://hashdive.com/Analyze_User?user_address=0xec302c3c6bc51dd39fd1a25e1b576669b2fdf72b,0.9,1.314444,11.829996,0.1111111111111111,-0.07674114958938279
https://hashdive.com/Analyze_User?user_address=0xa38edf9954d4c2027b329fbf6d5f13ae422c7b95,0.9,1.311111,11.799999,0.1111111111111111,-0.006669036797660078
https://hashdive.com/Analyze_User?user_address=0xf9397119d1bb1ee0e54a00b6405573f44311e096,0.9,1.298888,11.689992,0.11111111111111112,-0.02594319198756822
https://hashdive.com/Analyze_User?user_address=0xe5db268f438b2fa63f38fde619ecd94329b75ccc,0.849996,0.000054,11.684377,0.0000046215557748607394,-2.2594539287799886
https://hashdive.com/Analyze_User?user_address=0x4230353657bca4f54a244238448518edd42e55f6,0.899999,1.296679,11.669986,0.11111230124869044,-0.02307824932391922
https://hashdive.com/Analyze_User?user_address=0x2382bc1a87a891090a5a4f43ba30e013ceb04628,0.58,1,11.6,0.08620689655172414,18.715295022089332
https://hashdive.com/Analyze_User?user_address=0x84110477bedbedbbf9958db79001f555762c550e,0.9,1.288888,11.599992,0.1111111111111111,0.003621052171359166
https://hashdive.com/Analyze_User?user_address=0xb5030c72b20aedc14624afea51275c8e7e9bb8b2,0.9,1.288888,11.599992,0.1111111111111111,-0.04205082307446591
https://hashdive.com/Analyze_User?user_address=0x9f954c0c2c036c11a1ceb88568be0a0d45d03012,0.89,1.43,11.57,0.12359550561797752,-9.743680580937314
https://hashdive.com/Analyze_User?user_address=0x4a91a33a8c3277f5b0adf44959e9b0dcb795824e,0.9,1.283333,11.549997,0.11111111111111112,0.0050116665184533555
https://hashdive.com/Analyze_User?user_address=0xc6d06fde8cc489913d64649f196017614c4450bb,0.899999,1.272234,11.449986,0.11111227559579549,-0.010158772895553024
https://hashdive.com/Analyze_User?user_address=0xec88168b6af4af8e568c2900b991245bf2c0554b,0.899999,1.256679,11.309986,0.11111233913110061,-0.015853656965148493
https://hashdive.com/Analyze_User?user_address=0x396e029e3b15e69fb7a67bb3d9c3a289894ade17,0.9,1.254444,11.289996,0.11111111111111109,-3.965971371921067
https://hashdive.com/Analyze_User?user_address=0x2e0914b32b3c4e938f7de20966d37bd863dfcfee,0.9,1.25,11.25,0.1111111111111111,-0.040192652751202984
https://hashdive.com/Analyze_User?user_address=0x1cf3189bc89987db5eab42dcca1385728edc2e5d,0.899999,1.248901,11.239986,0.11111232700823649,-0.020146718760252508
https://hashdive.com/Analyze_User?user_address=0xc95b297c80c87cdd6e18517ea607b60906d60d34,0.9,1.244444,11.199996,0.11111111111111112,-0.01897779475167938
https://hashdive.com/Analyze_User?user_address=0xff156c7ca2fead61d7f022728ce9541a8cc686fb,0.9,1.242222,11.179998,0.1111111111111111,-0.034919628949600365
https://hashdive.com/Analyze_User?user_address=0x3a88773de863c2b29ee6e99479b6580bdcc01224,0.9,1.235555,11.119995,0.11111111111111112,-0.008404688002220374
https://hashdive.com/Analyze_User?user_address=0x4c2282818f3884e5f86a941f56c61b5b7843f42a,0.899999,1.226678,11.039986,0.11111227858441124,-0.05030296857880234
https://hashdive.com/Analyze_User?user_address=0x1ba9543cae6d036ca258e99fa1b4be425cefd722,0.899999,1.224456,11.019986,0.1111123008686218,-0.028462572181650308
https://hashdive.com/Analyze_User?user_address=0x6d2080727f53ad8cb58521212825cc512fa1a976,0.629999,6.460334,10.999981619683998,0.5873040722576761,-0.9231697649410604
https://hashdive.com/Analyze_User?user_address=0xb99e93cce5262e8fee0b2a83be0f1a31d18051f2,0.9,1.217777,10.959993,0.11111111111111112,-0.028372633298916886
https://hashdive.com/Analyze_User?user_address=0xdcbedeab0f57c13c475752194071810dcc5666a1,0.9,1.215555,10.939995,0.1111111111111111,-0.02672514127402792
https://hashdive.com/Analyze_User?user_address=0xbcbc1c0d82ec716e361eb80d55fd62d0edbe734b,0.9,1.198888,10.789992,0.1111111111111111,-0.04736131079993611
https://hashdive.com/Analyze_User?user_address=0xf6b57298b77ebac8a7f96bc938ce329b088df038,0.9,1.191111,10.719999,0.11111111111111112,-0.05143937161996813
https://hashdive.com/Analyze_User?user_address=0x4afb2bf6aab1c32f7991a60d9ead07f06b9e9293,0.899999,1.186678,10.679987,0.11111230753370765,-0.04173728631607982
https://hashdive.com/Analyze_User?user_address=0x026b13e0f407c50a200399737ac02ab7b136401c,0.9,1.185555,10.669995,0.1111111111111111,-0.04086558550104698
https://hashdive.com/Analyze_User?user_address=0xf8052cf37efd0ab6264b229ed01550900929e27f,0.909999,0,10.349985,0,1.6044949041897405
https://hashdive.com/Analyze_User?user_address=0xe8ae8ace2ae172efa88b5bc3be2b3eac37f064f1,0.9,1.138888,10.249992,0.11111111111111109,-15.773507240997366
https://hashdive.com/Analyze_User?user_address=0x9318458e66ec71f067b8bc09583b28d4ab3da645,0.64,5.625,10,0.5625,-0.5008408799360873
https://hashdive.com/Analyze_User?user_address=0xf29ac6cc48828f309309085252ebbb50e69d8afc,0.9,1.111111,9.999999,0.1111111111111111,-8.579763592770457
https://hashdive.com/Analyze_User?user_address=0x12b3e7c2d5ad76fc267d8107c2ba76f5cff6f6e0,0.9,1.111111,9.999999,0.1111111111111111,-17.516112262407276
https://hashdive.com/Analyze_User?user_address=0x2a3331aeba79f92a168f4dd664977604fca9279d,0.9,1.111111,9.999999,0.1111111111111111,-1.0657451457002032
https://hashdive.com/Analyze_User?user_address=0xd1b9b82620134e7d52466e71b64b0b72736ec238,0.9,1.111111,9.999999,0.1111111111111111,0.15963262498118141
https://hashdive.com/Analyze_User?user_address=0xa969315a22f1ad988c4465025c726922e2741452,0.904572,1.054951,9.999993,0.10549517384662169,0.33576072606108776
https://hashdive.com/Analyze_User?user_address=0x12780b365a94c3aff31c6223196a94ec1484c12e,0.91,0.98901,9.99999,0.0989010989010989,-3.2636135168349147
https://hashdive.com/Analyze_User?user_address=0xc3b59256eaf463ed1cb5b2d2d9cc939d698076a3,0.889999,1.235966,9.999988,0.12359674831609797,-2.1052269135976505
https://hashdive.com/Analyze_User?user_address=0x60ab395327176e2a3c6e0db137fd55f40b82d681,0.889999,1.235966,9.999988,0.12359674831609797,-1.2489921169030196
https://hashdive.com/Analyze_User?user_address=0x363536da29293e032c98c7b3f5e2f58bfa8b17c8,0.66,1.65,9.9,0.16666666666666666,-1.4037569629692312
https://hashdive.com/Analyze_User?user_address=0xefbdba05765d0daba9e0ee38feb0c6a0fd4fd9d8,0.909999,0.976163,9.86998,0.09890222675223252,3.5287353761762903
https://hashdive.com/Analyze_User?user_address=0xf5e0ea654f6ea1e766c70578867fae5b80363b45,0.849996,0.000043,9.158643,0.000004695018683444698,-1.745101837511075
https://hashdive.com/Analyze_User?user_address=0x980eff626026d2b133b637dc3ba5687c135b7e06,0.9,1,9,0.1111111111111111,1.0172321020794046
https://hashdive.com/Analyze_User?user_address=0xa106e59f57eeef8a5f4217a916c3b81bca4132c1,0.803305,1.261119,8.92561,0.1412921917941743,1.9061277495149354
https://hashdive.com/Analyze_User?user_address=0x41b2004926287f8baa3591919eafb58d063dd635,0.88,1.2,8.8,0.13636363636363635,-0.6929795290107641
https://hashdive.com/Analyze_User?user_address=0xa22dc7164f0f794ff145c333a035f295fb49ea45,0.99,0.07578,8.3358,0.00909090909090909,-1.0721123131456454
https://hashdive.com/Analyze_User?user_address=0xf419556a9758214628edff29dce8f39a8aa13ce7,0.893723,0.951317,7.999984,0.11891486282972565,-0.38055490498311484
https://hashdive.com/Analyze_User?user_address=0x623adb451a21a05f7b318c4ba6afd8fbb5385e86,0.889999,0.981356,7.939988,0.1235966603475975,-0.6923680858130471
https://hashdive.com/Analyze_User?user_address=0x046e67913941af501b34f342a159e7ddfd86f91b,0.78,2.2,7.800000000000001,0.28205128205128205,3.066107837950926
https://hashdive.com/Analyze_User?user_address=0x26ad519227dd90860a6b91bef4a44047c0176c99,0.9,0.295555,7.609995,0.03883773905239097,-5.77275840243718
https://hashdive.com/Analyze_User?user_address=0xa526b363c5af6b922ddeaa7667856e0960008a33,0.76,2.4,7.6,0.3157894736842105,-4.147057335269525
https://hashdive.com/Analyze_User?user_address=0xf3760d8005f278c48741f5b06ba5f4bd7165d88a,0.75,0.3,7.5,0.04,-2.765319370263277
https://hashdive.com/Analyze_User?user_address=0x330bc9b292f4cc6136243b42e6f292065107e446,0.75,0.9,7.5,0.12000000000000001,3.750425961666395
https://hashdive.com/Analyze_User?user_address=0x61fbedcc5b848e3ccae2eac584ef70cc37ad4ebe,0.73,2.7,7.3,0.36986301369863017,0.14246931434354812
https://hashdive.com/Analyze_User?user_address=0xc68985953613af46b73d2f86cf6fa65a8d4e9279,0.9,0.8,7.2,0.11111111111111112,0.27218432851074464
https://hashdive.com/Analyze_User?user_address=0x72521f6c79174b677c7e31a388c1667de636e0d9,0.996999,0.014047,6.999991,0.0020067168657788275,-3.4016441057665596
https://hashdive.com/Analyze_User?user_address=0x6b6203e6e6b1a925467106158db48257f900593d,0.997,-0.007,6.979,-0.0010030090270812437,0.0009679663628371433
https://hashdive.com/Analyze_User?user_address=0x8984c743c22f6953a0b54cfaaee1413c376b8af8,0.67,3.3,6.7,0.4925373134328358,2.787044010579079
https://hashdive.com/Analyze_User?user_address=0xec75e574c20eaa6f15e05c4c8939d188a6952e8f,0.743002,1.205785,6.4507961171420005,0.1869203394594679,-2.264598476189651
https://hashdive.com/Analyze_User?user_address=0x57a119a522625ff67e2f3a059795536e49bacaf8,0.6,3.99,6,0.665,-3.9347155149018507
https://hashdive.com/Analyze_User?user_address=0x69bdf2337227b87407c47b9844d182f99b883112,0.889999,0.741579,5.999992,0.12359666479555306,1.9217559447122063
https://hashdive.com/Analyze_User?user_address=0xb5e7dbc9c2ec9328322d4fba878ef4d9dd0cc77a,0.99,0,5.769918,0,-47.950365560954836
https://hashdive.com/Analyze_User?user_address=0x33c1da9dcf1d3754073009fd99ad42efd9bf066c,0.9,0.555555,4.999995,0.1111111111111111,-0.08325229933548374
https://hashdive.com/Analyze_User?user_address=0x7d74f3e3b8e5aafc91df0a0884f5af719b925393,0.91,0.494505,4.999995,0.0989010989010989,-4.403954432833111
https://hashdive.com/Analyze_User?user_address=0xd9a6d2d6aba47d4aeb321a276030399f137d1ad9,0.9,0.555555,4.999995,0.1111111111111111,-1.2656064726976952
https://hashdive.com/Analyze_User?user_address=0x57f6b91acc8364ba1ecb208450ca0b7c5dcd265f,0.91,0.494505,4.999995,0.0989010989010989,-1.2435278012170952
https://hashdive.com/Analyze_User?user_address=0x4ba30e73c48aa74c3afd68c0c2c4c8f20d719cab,0.9,0.555555,4.999995,0.1111111111111111,7.909941352169884
https://hashdive.com/Analyze_User?user_address=0x71dda270b370c17076bab0bdce862e952071f117,0.629999,2.936515,4.9999908434939995,0.5873040755306583,0.42524995314682507
https://hashdive.com/Analyze_User?user_address=0x4ab6798375b953b5ece7915b4a671e032b2e7625,0.629999,0.555107,4.999990213495,0.11102161730272257,-7.428786457723458
https://hashdive.com/Analyze_User?user_address=0x8bd41f6148bd02dbb220b7b727f4f97469ff8643,0.889999,0.224405,4.999989,0.044881098738417224,-5.364614577785732
https://hashdive.com/Analyze_User?user_address=0x2f15062525c410d244431d0bda90bd8a30ea31ed,0.819999,1.097565,4.999989,0.2195134829296624,0.03312014410078878
https://hashdive.com/Analyze_User?user_address=0x0206bed66886c6767dd6ecdbada8e50a16d582b5,0.849999,0.588005,4.999988,0.11760128224307738,-3.4193518963904928
https://hashdive.com/Analyze_User?user_address=0x117174080dd4dd38a760a082b1f0da7f69d1ff19,0.689999,1.218907,4.949992106088,0.2462442310768264,-1.8880162097534456
https://hashdive.com/Analyze_User?user_address=0x523c111b9d3e5aca9d8c3a247e4a331728945348,0.63,2.849,4.851,0.5873015873015873,-14.661920353816553
https://hashdive.com/Analyze_User?user_address=0x0c15aebb52b67b63ce6a7d3af5c6e07da2485038,0.779999,1.334108,4.729993,0.28205284870400443,-7.088902484797204
https://hashdive.com/Analyze_User?user_address=0x25bb2723f3011acc427805aa75ccdfa47e5f0191,0.819999,1.009761,4.599993,0.2195135949119922,-0.903638655166209
https://hashdive.com/Analyze_User?user_address=0xb7fc4c32aa414a1c937126895bf137c9b2299cbd,0.9,0.5,4.5,0.1111111111111111,-7.894280052750449
https://hashdive.com/Analyze_User?user_address=0xde0463ea7f611b065e8ab06bbfbddad75e6dfa37,0.69,-1.225806,4.45161159,-0.27536229862318246,-1.4288114100340732
https://hashdive.com/Analyze_User?user_address=0x5f523ab22f3b648647469d5312da690ee89bc254,0.88,0.6,4.4,0.13636363636363635,-5.142072833190202
https://hashdive.com/Analyze_User?user_address=0xab59f72d09bb25c9a37627ebb04ccc1577eeea9a,0.86,0.7,4.3,0.1627906976744186,4.1465291262600585
https://hashdive.com/Analyze_User?user_address=0x401e9ca8e79770af23615f322fba9a4636dbac07,0.85,0.75,4.25,0.17647058823529413,5.477019188569605
https://hashdive.com/Analyze_User?user_address=0x14fc6584b3ff4a4055813974f510ad4728036627,0.9,0.444444,3.999996,0.11111111111111112,-0.02672160003142591
https://hashdive.com/Analyze_User?user_address=0x5859eb2e3dea1991eade7648c34bf8d7d78c2860,0.629999,2.349212,3.9999928007950003,0.587304057030576,-15.099013585248661
https://hashdive.com/Analyze_User?user_address=0xcfb32b160727266a8868ff255e7cfd89ba16e68c,0.77,1.15,3.85,0.2987012987012987,-3.119372855011913
https://hashdive.com/Analyze_User?user_address=0xa4db324f9e0b867bd2a66f42bc8253f55a9a7362,0.64,2.16,3.84,0.5625000000000001,-0.2535538269230388
https://hashdive.com/Analyze_User?user_address=0xeae9e73b5355ed9db2eca3de36b81afccfb89988,0.988,0.045,3.705,0.012145748987854251,3.097980140013174
https://hashdive.com/Analyze_User?user_address=0x9d46886c66c4182d94dc925538d97ab8d3a0885a,0.9,0,3.019995,0,4.2915500662230635
https://hashdive.com/Analyze_User?user_address=0x5f69911e8dcaf05eb2e325e2c06985a35486f085,0.9,0,3.009996,0,4.262647318435535
https://hashdive.com/Analyze_User?user_address=0x4093c4ff99346cf991cb9cfbc195e7fd999a3b9f,0.9,0.333333,2.999997,0.1111111111111111,5.721773924864941
https://hashdive.com/Analyze_User?user_address=0xea918e92357d43499e895966f05b18da6dcd3833,0.9,0.333333,2.999997,0.1111111111111111,-5.890984538521202
https://hashdive.com/Analyze_User?user_address=0xefa58a1fa13da29e3e266c3b4edcd4edb181b417,0.5,0,2.5,0,0.8713990139598069
https://hashdive.com/Analyze_User?user_address=0x9705cddab44a77fb4ae1e7ab30c3b00d8560ff8c,0.899999,0.266669,2.399996,0.11111226852044753,-0.08474140042161551
https://hashdive.com/Analyze_User?user_address=0xe0b1645c632c273b8ed2fcf845a74eb85091d06a,0.799971,0.000082,2.277249,0.00003600835920885244,-0.8697609576785726
https://hashdive.com/Analyze_User?user_address=0x2a211203c51831ba66e2a9480fbe8250b5dddd0e,0.64,1.125,2,0.5625,1.9551026660244306
https://hashdive.com/Analyze_User?user_address=0x3426002df12327151f458543e278da6f6ef5c7b7,0.9,0.222222,1.999998,0.11111111111111112,-2.4576414064182646
https://hashdive.com/Analyze_User?user_address=0xd8c3aac5fdf09ee456418a8dae896dc2a317f30e,0.9,0.222222,1.999998,0.11111111111111112,-2.7833642526777407
https://hashdive.com/Analyze_User?user_address=0x3778497885d1fae58ac63f623ab867ecd56a5aee,0.9,0.222222,1.999998,0.11111111111111112,-0.10338292413107125
https://hashdive.com/Analyze_User?user_address=0xcbc8b30f50343b5866d6c1283fe833c955dc5af6,0.88,0.272727,1.999998,0.13636363636363635,0.32956608364219797
https://hashdive.com/Analyze_User?user_address=0x10314852c34275d492c5e60388d1ab134f7e45f0,0.91,0.197802,1.999998,0.09890109890109891,-3.3348448978317027
https://hashdive.com/Analyze_User?user_address=0xaef441399f7f57d572a496e04d57ec80d8aec91d,0.9,0.222222,1.999998,0.11111111111111112,11.596257216056438
https://hashdive.com/Analyze_User?user_address=0x59515571af6856567931c2b924bfd10a1a9d37a8,0.91,0.197802,1.999998,0.09890109890109891,-0.034101765422525854
https://hashdive.com/Analyze_User?user_address=0x8fdc6ae9f95ffc6b786219662f574dc342f04958,0.91,0.197802,1.999998,0.09890109890109891,-1.970703845235121
https://hashdive.com/Analyze_User?user_address=0x59860ab2876093f302939ca92a071e2d8cf3fe85,0.889999,0.247193,1.999997,0.12359668539502809,-1.5546804826777525
https://hashdive.com/Analyze_User?user_address=0x1cdb01de3cf5181974daf02e8acd8fb73a27b599,0.629999,1.174605,1.9999960853980001,0.5873036495300205,5.584750703660509
https://hashdive.com/Analyze_User?user_address=0x3f502db1d88b471876bdec2649162c6f47277077,0.81695,0.448128,1.9999940848499997,0.22406466268804479,-2.3030413166479864
https://hashdive.com/Analyze_User?user_address=0x3a74bbed812b1b51ea7f5d18f03b4aa52740141a,0.849996,0.000008,1.888604,0.000004235932996011869,-1.1733278052008236
https://hashdive.com/Analyze_User?user_address=0x28c0e79669e29b313756ee496623a81ecc4362a6,0.889999,0.222472,1.79999,0.12359624220134556,-6.463342002722866
https://hashdive.com/Analyze_User?user_address=0x433f40be8f85209701c4bc6cd10428d561d1d223,0.9,0.177777,1.599993,0.1111111111111111,-0.038805438769145044
https://hashdive.com/Analyze_User?user_address=0x5bb130281d8f1de28d3e2f3575a11acc424a027b,0.909999,0.12066,1.219995,0.09890204468051099,-0.0099073311113446
https://hashdive.com/Analyze_User?user_address=0x31a12b5567b297140126cdecc2772c4b8b077975,0.9,0.133333,1.199997,0.11111111111111112,-4.328053110130302
https://hashdive.com/Analyze_User?user_address=0xbd71a789a44d86bdbf1c3958ff69527af1443756,0.64,0.61875,1.1,0.5625,0.9566922863490486
https://hashdive.com/Analyze_User?user_address=0xe1a4b075020afa6d3384c368d6c698fd27d20f7b,0.909999,0.108792,1.099998,0.09890199800363272,-13.738935943714525
https://hashdive.com/Analyze_User?user_address=0xf02b9cf9ed302238551670672064b5a879384e65,0.899999,0.122223,1.099998,0.1111120202036731,0.1801514739268972
https://hashdive.com/Analyze_User?user_address=0x27f2499f59b59a22bc0dd5f518cf5ea0b35c702c,0.96,0.0452,1.0848,0.041666666666666664,-13.451114670208666
https://hashdive.com/Analyze_User?user_address=0x6b6c98556b4e220f00bf55becff5f6150d12593c,0.64,0.568125,1.01,0.5625,4.095398935996262
https://hashdive.com/Analyze_User?user_address=0xd9c63b83bead3d49b1d35a7ddbe40dd711260a38,0.64,0.5625,1,0.5625,0.34913711543958226
https://hashdive.com/Analyze_User?user_address=0x851cb08de31f7a929f4daf7f2de29b0ce115da4c,0.9,0.111111,0.999999,0.11111111111111112,-0.27792127497164887
https://hashdive.com/Analyze_User?user_address=0xd104c45596ca0fe8edad9109b540b1c6a697a355,0.63,0.587301,0.999999,0.5873015873015873,-0.4471536724048526
https://hashdive.com/Analyze_User?user_address=0x23376c7e48d93cc2829ce001321c37570fdd0cb2,0.91,0.098901,0.999999,0.09890109890109891,-1.8121608375699692
https://hashdive.com/Analyze_User?user_address=0xa4391172f55ded59e18d1128550031a8f3be800c,0.9,0.111111,0.999999,0.11111111111111112,0.0667590322637642
https://hashdive.com/Analyze_User?user_address=0x6a11b111039b62c3e2065f7cc82e2f33d406b3fa,0.9,0.111111,0.999999,0.11111111111111112,-7.107864188650681
https://hashdive.com/Analyze_User?user_address=0x32c7f073726343021bdad0c8bdeeb7789de8d39b,0.9,0.111111,0.999999,0.11111111111111112,-0.052196887223915814
https://hashdive.com/Analyze_User?user_address=0x0b4bec03383333a8db1dce537c9c51174c8b2088,0.9,0.111111,0.999999,0.11111111111111112,-8.26223530722975
https://hashdive.com/Analyze_User?user_address=0xcae7f2a0f6a476007c0bcfb44178923dce56c30a,0.9,0.111111,0.999999,0.11111111111111112,0.022091350383884087
https://hashdive.com/Analyze_User?user_address=0x1cdb01de3cf5181974daf02e8acd8fb73a27b599,0.9,0.111111,0.999999,0.11111111111111112,5.584750703660509
https://hashdive.com/Analyze_User?user_address=0x824a6a17b29377d063fa7ebfa92c7261999f01b4,0.63,0.587301,0.999999,0.5873015873015873,-7.714258724603895
https://hashdive.com/Analyze_User?user_address=0x9646418ad69ef420b5b9334422a20be240332812,0.63,0.0474,0.999999,0.0474000474000474,-0.34191695493605434
https://hashdive.com/Analyze_User?user_address=0x94bc871e6b66b37c40e0408f36f4a737d797dadf,0.63,0.587301,0.999999,0.5873015873015873,0.6703218532640504
https://hashdive.com/Analyze_User?user_address=0x57bf59b8a56435aee019eacbccaa3749559a03a2,0.9,0.111111,0.999999,0.11111111111111112,-3.829183294072278
https://hashdive.com/Analyze_User?user_address=0x806ccda47d8211ae4343e2eebaa10cd3a17b66d8,0.9,0.111111,0.999999,0.11111111111111112,-4.171589201447594
https://hashdive.com/Analyze_User?user_address=0x8b3178416590773d3e15e30bcdfa31ce10a439d0,0.9,0.111111,0.999999,0.11111111111111112,-0.3995591463084681
https://hashdive.com/Analyze_User?user_address=0x654a548f025b9e442148252391d5ba195c17468e,0.9,0.111111,0.999999,0.11111111111111112,-10.527100509315662
https://hashdive.com/Analyze_User?user_address=0xacd051e2f8422ad181037743232cac1340e0e030,0.9,0.111111,0.999999,0.11111111111111112,-9.311646744361106
https://hashdive.com/Analyze_User?user_address=0xb895a808bc74925ae26ef40038f016dd85bb53f7,0.91,0.098901,0.999999,0.09890109890109891,-12.118081260272202
https://hashdive.com/Analyze_User?user_address=0xec298494fac06b3fb348762b853ba59426da5e5f,0.7,0.428571,0.9999989999999999,0.4285714285714286,3.510513119535555
https://hashdive.com/Analyze_User?user_address=0x2701360ab850f29b5cb87399b8cc2b916adf0679,0.7,0.428571,0.9999989999999999,0.4285714285714286,-6.549959311211651
https://hashdive.com/Analyze_User?user_address=0x0fca9d52d1e8324de4ce0e2133a2af355ddd155a,0.729999,0.369864,0.9999978901379999,0.3698647803636453,-10.116270697447762
https://hashdive.com/Analyze_User?user_address=0xbff0b1cbc94fa9255dd624b4ee05b6c8b1b1d4c6,0.869999,0.149426,0.999997,0.14942644827934484,0.002685230834117715
https://hashdive.com/Analyze_User?user_address=0xc7bba75a9adef64d189538403d3a13f1c7044d3f,0.869999,0.149426,0.999997,0.14942644827934484,-0.06862359967919367
https://hashdive.com/Analyze_User?user_address=0xe919511185ad504bd387ad490dc13186d65ef67e,0.869999,0.149426,0.999997,0.14942644827934484,-0.09376570807425365
https://hashdive.com/Analyze_User?user_address=0x210d33893739222a87b591f2057a18bf7cbe9468,0.869999,0.149426,0.999997,0.14942644827934484,-0.25631193588712153
https://hashdive.com/Analyze_User?user_address=0xcb5d4a697bf98f3963fefd17e9323ab7e4c788ae,0.869999,0.149426,0.999997,0.14942644827934484,-1.3675553195450392
https://hashdive.com/Analyze_User?user_address=0x97f5dcef3262378b2e6b3ff8e933e494a1944eb4,0.809999,0.234568,0.999995,0.23456917284586423,5.785813407143649
https://hashdive.com/Analyze_User?user_address=0x175e734993497f4c061bbd47c4de210cb4341ec9,0.849999,0.176471,0.999995,0.1764718823594118,-2.237122381568909
https://hashdive.com/Analyze_User?user_address=0x62bcc7fa45f1b31257621daa3360b1dc65a7207f,0.879999,0.136364,0.999994,0.13636481818890914,9.226317667745471
https://hashdive.com/Analyze_User?user_address=0xe08595c8b57ea0c700a2a2bb06e51da122544d90,0.879999,0.136364,0.999994,0.13636481818890914,-0.11513304816336979
https://hashdive.com/Analyze_User?user_address=0x822da1d30c58a2e8b52b93cb8d91b4e05d4698c5,0.889999,0.123596,0.999994,0.12359674158044948,-5.693129899405344
https://hashdive.com/Analyze_User?user_address=0x7f7163637a369ea781b2398b8e434f8c7dc2c034,0.889999,0.123596,0.999994,0.12359674158044948,0.007145498183848452
https://hashdive.com/Analyze_User?user_address=0x63b0345234fa6916b69ef1b0ba4c65e057c51fb6,0.889999,0.123596,0.999994,0.12359674158044948,0.036386529287762176
https://hashdive.com/Analyze_User?user_address=0x05474155c749a558ae6adb76050a748a8820fb35,0.889999,0.123596,0.999994,0.12359674158044948,-0.5966207165890004
https://hashdive.com/Analyze_User?user_address=0x27219af655a4630c7a5f433a4e4deade48effcf3,0.889999,0.123596,0.999994,0.12359674158044948,-0.31016538989464315
https://hashdive.com/Analyze_User?user_address=0xc883c72e951511e9db2cee9542767e77db8035ff,0.889999,0.123596,0.999994,0.12359674158044948,-11.22983839471781
https://hashdive.com/Analyze_User?user_address=0x9baced90d80fadfef3bb300b7e4e6f1fdbea7843,0.879999,0.136364,0.999994,0.13636481818890914,7.412991452954806
https://hashdive.com/Analyze_User?user_address=0xf53e2dd38346b2fd352310a811879a6433161554,0.879999,0.136364,0.999994,0.13636481818890914,-0.23187672982358462
https://hashdive.com/Analyze_User?user_address=0x0709320d445d409ed9e4a3c5ab2cb79139eb11a6,0.889999,0.123596,0.999994,0.12359674158044948,-0.16642903310761278
https://hashdive.com/Analyze_User?user_address=0x5238869b34c8829d7b3869567988cce0e1a4c621,0.889999,0.123596,0.999994,0.12359674158044948,-0.41975558350489384
https://hashdive.com/Analyze_User?user_address=0x16c4260b6c0b4b96f28563d45626b620864ff458,0.91,0.09,0.91,0.0989010989010989,-3.1178183112596303
https://hashdive.com/Analyze_User?user_address=0x62ed225e5f1d22c31c72fd07d07bd0b30e49c7c5,0.9,0.1,0.9,0.11111111111111112,2.778591382009066
https://hashdive.com/Analyze_User?user_address=0xea818200633ae1df3b7012e800011887e62deeae,0.9,0.1,0.9,0.11111111111111112,-3.2987265481961145
https://hashdive.com/Analyze_User?user_address=0x5799e61cf4a0683ff634823fadcd95754a0207a4,0.9,0.098888,0.889992,0.11111111111111112,0.214047024932293
https://hashdive.com/Analyze_User?user_address=0x2bfc9c92b7662d1553790d1c6cba7ad4707894b3,0.84,0.16,0.84,0.1904761904761905,9.23360563462139
https://hashdive.com/Analyze_User?user_address=0x2c671b76810feca44ce9add362055b50336dcd3b,0.9,0.088888,0.799992,0.1111111111111111,-0.32846663461862097
https://hashdive.com/Analyze_User?user_address=0x9313762f0fcab28ed52c877a55f2c12f065c84fb,0.909999,0.07912,0.79999,0.09890123626545332,-4.721704663624143
https://hashdive.com/Analyze_User?user_address=0xfe06d181fa9683f2e8c1ee6fd4314ae04aa9d5d5,0.9,0.083333,0.749997,0.11111111111111112,-7.6163911806941424
https://hashdive.com/Analyze_User?user_address=0x1ed50f4653f730dd16bd6e13670a95b18add8d08,0.779999,0.197435,0.699995,0.28205201465724755,0.43441648285472023
https://hashdive.com/Analyze_User?user_address=0x96607769da6cb599985da849566b9bd4d9bc80dc,0.9,0.066666,0.599994,0.1111111111111111,-0.020831790775033554
https://hashdive.com/Analyze_User?user_address=0xce929b6fac1adb006a09cb56a64913b076251862,0.9,0.061111,0.549999,0.1111111111111111,-0.30619935689331873
https://hashdive.com/Analyze_User?user_address=0x214ad78047366a8085b13000a32d2b7c8abd66dd,0.839999,0.095238,0.499998,0.19047676190704763,-14.451838371940202
https://hashdive.com/Analyze_User?user_address=0x2cd846554108750c73188b74cd6c9da8a35bb652,0.899998,0.055556,0.499997,0.11111266667600005,-0.34253085749332274
https://hashdive.com/Analyze_User?user_address=0x0ebe4fbaa332507f2c54e8279137c5288b063ea2,0.96,0.020833,0.499992,0.04166666666666667,0.18999823697463863
https://hashdive.com/Analyze_User?user_address=0x9287379d17299673ab6f5678c60f5523481390c2,0.9,0.04,0.36,0.11111111111111112,-0.029568404520614284
https://hashdive.com/Analyze_User?user_address=0x95a20517c643d97fcade4bda0736eb73feb38769,0.929999,0.026344,0.349998,0.07526900153715164,-14.035191355832692
https://hashdive.com/Analyze_User?user_address=0xe7d5e77d99f37ddc746e53935f06fc856bad6561,0.9,0.038888,0.349992,0.1111111111111111,-0.08036081012721104
https://hashdive.com/Analyze_User?user_address=0x92529d662d512e1e8e4286c8464e0e59a0b1d9fc,0.909999,0.024725,0.249997,0.09890118681424177,-2.764705655597686
https://hashdive.com/Analyze_User?user_address=0xd830b5b735ebf082ec38b7e4aedd50cd2e65b40a,0.9,0.027777,0.249993,0.11111111111111112,-0.3822321308948956
https://hashdive.com/Analyze_User?user_address=0x342e60034352b1b9a74d99c59b970b2bb5ff74ee,0.889999,0.030898,0.249992,0.12359595507056226,0.11840698992429512
https://hashdive.com/Analyze_User?user_address=0xd0604ebf8b7d2601bb796968887b6ec89d0c6919,0.889999,0.028426,0.229992,0.12359560332533305,0.13318946450210017
https://hashdive.com/Analyze_User?user_address=0xbd2eed8f42c45426fa013f1be5f02d31cb7972af,0.9,0.022222,0.199998,0.1111111111111111,-16.473491887578827
https://hashdive.com/Analyze_User?user_address=0x62b1f9b9a9e99ab93d3dac33556a60925e09b9f2,0.9,0.022222,0.199998,0.1111111111111111,0.09699978339202642
https://hashdive.com/Analyze_User?user_address=0x6fb91a6f9995855efc7a93e5b2c2ad224c81f5dd,0.996999,0.000602,0.199998,0.0030100301003010027,-5.786616306896667
https://hashdive.com/Analyze_User?user_address=0xcbb3a07b74a2a364de5f20bf1f1f6bcd5c3d4e06,0.889999,0.018539,0.149997,0.12359580524943833,-0.04791134592379829
https://hashdive.com/Analyze_User?user_address=0x81190f0a6eab76afbea0352d09df71ad08e08677,0.889999,0.018539,0.149997,0.12359580524943833,0.10107236694420686
https://hashdive.com/Analyze_User?user_address=0xe3e519c3d199edf3fff16d6351c3f5ebb9958ecb,0.909999,0.011868,0.119998,0.09890164836080602,0.2769655020075437
https://hashdive.com/Analyze_User?user_address=0xb1f6aea5abb5e5e8094c5ef83399fa00014069f5,0.909999,0.011868,0.119998,0.09890164836080602,-4.63477375762766
https://hashdive.com/Analyze_User?user_address=0x8bfe9d15a88e031d998535b72135884d32739396,0.9,0.013333,0.119997,0.1111111111111111,-7.343437334088103
https://hashdive.com/Analyze_User?user_address=0xcdca1de59f5e72e0ee7117f09a1519a98eaa58c5,0.889999,0.014831,0.119996,0.12359578652621754,-4.849931711016408
https://hashdive.com/Analyze_User?user_address=0x396e5b191bb9d934537ee2fa3d7d2c054b408aea,0.879999,0.016363,0.119995,0.13636401516729862,-3.702294589438625
https://hashdive.com/Analyze_User?user_address=0x2154b52fda6b40e004f74205436c5f6ef932dee3,0.9,0.012222,0.109998,0.11111111111111112,-18.97658849046274
https://hashdive.com/Analyze_User?user_address=0xa05669a0ea5f906875ea9df0bc64c7c41a19b796,0.9,0.012222,0.109998,0.11111111111111112,-5.0013375634563655
https://hashdive.com/Analyze_User?user_address=0xfa2db5c5de533612b1cc407a3921b0cb35303c6a,0.909999,0.010879,0.109998,0.09890179821451299,0.0070276099943951216
https://hashdive.com/Analyze_User?user_address=0x153dfb4baedd8c7356096a578e58a89461e1628b,0.9,0.011111,0.099999,0.1111111111111111,4.864576883899532
https://hashdive.com/Analyze_User?user_address=0xef630dba0a48dc47823ba3db64ea3ad5e79496cb,0.909999,-0.002999,0.099998,-0.029990599811996237,-5.870307416484531
